DATA,LOJA,PREÃ‡O
02/01/2017,CASA DO ELETRICISTA LTDA,31
03/01/2017,CASA DO ELETRICISTA LTDA,"112,5"
07/01/2017,CASA DO ELETRICISTA LTDA,31
19/01/2017,CASA DO ELETRICISTA LTDA,186
19/01/2017,SUPERMERCADOS DB LTDA,410
19/01/2017,SUPERMERCADOS DB LTDA,"15,98"
20/01/2017,SUPERMERCADOS DB LTDA,"10,51"
23/01/2017,PMZ DISTRIBUIDORA S.A,3
27/01/2017,SUPER EXPRESSO TARUMA COMERCIO DE PROD ALIMENTICIOS LTDA ME,"23,5"
28/01/2017,L J GUERRA & CIA LTDA,"285,87"
31/01/2017,L J GUERRA & CIA LTDA,21
02/02/2017,SUPERMERCADOS DB LTDA,"43,14"
04/02/2017,SUPERMERCADOS DB LTDA,"12,52"
10/02/2017,SUPERMERCADOS DB LTDA,"44,47"
13/02/2017,L J GUERRA & CIA LTDA,"14,5"
16/02/2017,SUPERMERCADOS DB LTDA,"190,48"
17/02/2017,L J GUERRA & CIA LTDA,53
17/02/2017,SUPER EXPRESSO TARUMA COMERCIO DE PROD ALIMENTICIOS LTDA ME,"4,2"
18/02/2017,RUFINO COMERCIO E INDUSTRIA DE ALIMENTOS LTDA,"84,27"
21/02/2017,SUPERMERCADOS DB LTDA,"79,3"
05/03/2017,SUPERMERCADOS DB LTDA,"61,39"
06/03/2017,BEMOL S/A,64
01/04/2017,BEMOL S/A,159
29/04/2017,BEMOL S/A,132
02/05/2017,BEMOL S/A,39
05/05/2017,SUPERMERCADOS DB LTDA,"77,15"
06/05/2017,J M PORTELA LTDA,"31,49"
07/05/2017,TAPAJOS COMERCIO DE MEDICAMENTOS LTDA,"90,05"
07/05/2017,TAPAJOS COMERCIO DE MEDICAMENTOS LTDA,"18,35"
09/05/2017,SUPERMERCADOS DB LTDA,"161,83"
14/05/2017,SUPERMERCADOS DB LTDA,"29,77"
16/05/2017,SUPERMERCADOS DB LTDA,"117,07"
18/05/2017,ATACADAO S.A.,"53,92"
19/05/2017,SUPERMERCADOS DB LTDA,"42,55"
22/05/2017,SUPERMERCADOS DB LTDA,"36,39"
23/05/2017,CARREFOUR COMERCIO E INDUSTRIA LTDA,459
27/05/2017,SUPERMERCADOS DB LTDA,"173,47"
29/05/2017,SUPERMERCADOS DB LTDA,"32,79"
05/06/2017,BEMOL S/A,51
08/06/2017,SUPERMERCADOS DB LTDA,"129,43"
12/06/2017,SUPERMERCADOS DB LTDA,"54,67"
14/06/2017,MEDEIROS COMERCIO DE ALIMENTOS LTDA - ME,"73,62"
15/06/2017,SUPERMERCADOS DB LTDA,"97,98"
15/06/2017,SUPERMERCADOS DB LTDA,"26,44"
19/06/2017,CARREFOUR COMERCIO E INDUSTRIA LTDA,"60,45"
21/06/2017,SUPERMERCADOS DB LTDA,"97,94"
24/06/2017,SUPERMERCADOS DB LTDA,"54,79"
12/07/2017,SUPERMERCADOS DB LTDA,"31,34"
17/07/2017,SB COMERCIO LTDA,"42,58"
20/07/2017,SUPERMERCADOS DB LTDA,"50,24"
25/07/2017,SERRA COMERCIO DE ALIMENTOS LTDA - ME,11
26/07/2017,SUPERMERCADOS DB LTDA,"63,1"
28/07/2017,CARREFOUR COMERCIO E INDUSTRIA LTDA,"22,76"
02/08/2017,MEDEIROS COMERCIO DE ALIMENTOS LTDA - ME,"19,51"
03/08/2017,L J GUERRA & CIA LTDA,20
03/08/2017,SUPERMERCADOS DB LTDA,"59,79"
07/08/2017,L J GUERRA & CIA LTDA,"29,33"
10/08/2017,B A ELETRICA LTDA,"28,65"
24/08/2017,SUPERMERCADOS DB LTDA,"40,14"
04/09/2017,SUPERMERCADOS DB LTDA,"6,59"
20/09/2017,SB COMERCIO LTDA,"10,99"
21/09/2017,SUPERMERCADOS DB LTDA,"128,45"
25/09/2017,SUPERMERCADOS DB LTDA,"196,44"
04/10/2017,BEMOL S/A,49
12/10/2017,BEMOL S/A,66
14/10/2017,SUPERMERCADOS DB LTDA,"13,21"
04/11/2017,SUPERMERCADOS DB LTDA,"184,41"
23/11/2017,SUPERMERCADOS DB LTDA,"20,54"
29/11/2017,BEMOL S/A,39
04/12/2017,MEDEIROS COMERCIO DE ALIMENTOS LTDA - ME,"1,84"
13/12/2017,MANAUS COMERCIO DE DERIVADOS DE PETROLEO LTDA,"8,5"
19/12/2017,RUFINO COMERCIO E INDUSTRIA DE ALIMENTOS LTDA,"22,26"
20/12/2017,SUPERMERCADOS DB LTDA,"27,71"
22/12/2017,NATUREZA COMERCIO DE DESCARTAVEIS LTDA,"21,4"
29/12/2017,ELTON DE FRANCA,22
30/12/2017,SUPERMERCADOS DB LTDA,"32,71"
06/01/2018,SUPERMERCADOS DB LTDA,"53,74"
10/01/2018,L J GUERRA & CIA LTDA,"161,61"
10/01/2018,BEMOL S/A,829
12/01/2018,NATUREZA COMERCIO DE DESCARTAVEIS LTDA,"94,98"
15/01/2018,CONTERPE COMERCIO DE DERIVADOS DE PETROLEO LTDA,30
20/01/2018,AUTO POSTO GASPETRO COMERCIO DE DERIVADOS DE PETROLEO LTDA,20
22/01/2018,AUTO POSTO GASPETRO COMERCIO DE DERIVADOS DE PETROLEO LTDA,30
23/01/2018,AUTO POSTO GASPETRO COMERCIO DE DERIVADOS DE PETROLEO LTDA,20
24/01/2018,AUTO POSTO GASPETRO COMERCIO DE DERIVADOS DE PETROLEO LTDA,30
24/01/2018,RONDOBRAS DO AMAZONAS DISTRIBUIDORA DE AUTO PECAS LTDA,44
24/01/2018,PMZ DISTRIBUIDORA S.A,"7,5"
25/01/2018,AUTO POSTO GASPETRO COMERCIO DE DERIVADOS DE PETROLEO LTDA,15
27/01/2018,AUTO PECAS MANOA LTDA,"22,5"
29/01/2018,PMZ DISTRIBUIDORA S.A,"56,1"
29/01/2018,T3 COMERCIO E SERVICOS AUTO PECAS LTDA,90
30/01/2018,J B N MARQUES,"5,5"
30/01/2018,AUTO PECAS MANOA LTDA,118
30/01/2018,AUTO PECAS MANOA LTDA,12
30/01/2018,AMAZON COMBUSTIVEIS PARA VEICULOS E CONSTRUCOES LTDA,30
01/02/2018,DENYS ANTONIO ABDALA TUMA,30
05/02/2018,EXPRESS COMERCIO VAREJISTA DE DERIVADOS DE PETROLEO LTDA,50
07/02/2018,NAVERIO NAVEGACAO DO RIO AMAZONAS LTDA,30
08/02/2018,NAVERIO NAVEGACAO DO RIO AMAZONAS LTDA,30
09/02/2018,ATACADAO S.A.,"30,99"
09/02/2018,SB COMERCIO LTDA,"31,05"
10/02/2018,SB COMERCIO LTDA,"18,17"
12/02/2018,NATUREZA COMERCIO DE DESCARTAVEIS LTDA,"71,1"
12/02/2018,CARREFOUR COMERCIO E INDUSTRIA LTDA,"3,49"
14/02/2018,BEMOL S/A,"21,2"
21/02/2018,SB COMERCIO LTDA,"32,34"
21/02/2018,NAVERIO NAVEGACAO DO RIO AMAZONAS LTDA,35
23/02/2018,SB COMERCIO LTDA,"29,35"
24/02/2018,SUPERMERCADOS DB LTDA,"367,04"
26/02/2018,NATUREZA COMERCIO DE DESCARTAVEIS LTDA,"47,85"
02/03/2018,NAVERIO NAVEGACAO DO RIO AMAZONAS LTDA,20
03/03/2018,PLANCA LOJAS DE CONVENIENCIA LTDA,50
06/03/2018,POSTO FUTURO COMERCIO DE COMBUSTIVEIS LTDA,20
06/03/2018,BEMOL S/A,"813,15"
07/03/2018,PETROMAY DERIVADOS DE PETROLEO LTDA,20
09/03/2018,CARREFOUR COMERCIO E INDUSTRIA LTDA,"16,08"
10/03/2018,AMAZON COMBUSTIVEIS PARA VEICULOS E CONSTRUCOES LTDA,30
10/03/2018,ATACADAO S.A.,"202,84"
13/03/2018,NAVERIO NAVEGACAO DO RIO AMAZONAS LTDA,20
13/03/2018,SUPERMERCADOS DB LTDA,"205,93"
13/03/2018,ATACADAO S.A.,"71,87"
13/03/2018,AUTO POSTO TURISMO COMERCIO DE DERIVADOS DE PETROLEO LTDA,33
14/03/2018,AMAZON COMBUSTIVEIS PARA VEICULOS E CONSTRUCOES LTDA,25
17/03/2018,CDL CENTRO DE DISTRIBUICAO E LOGISTICA LTDA,"121,49"
17/03/2018,SUPERMERCADOS DB LTDA,"492,13"
17/03/2018,ATACADAO S.A.,"75,52"
20/03/2018,NAVERIO NAVEGACAO DO RIO AMAZONAS LTDA,30
24/03/2018,DENYS ANTONIO ABDALA TUMA,20
24/03/2018,BEMOL S/A,73
28/03/2018,BEMOL S/A,329
29/03/2018,POSTO 3000 LTDA,"30,01"
29/03/2018,POSTO 3000 LTDA,"3,99"
03/04/2018,B F COMERCIO DE EQUIPAMENTOS E SUPRIMENTOS DE INFORMATICA LTDA,35
03/04/2018,B F COMERCIO DE EQUIPAMENTOS E SUPRIMENTOS DE INFORMATICA LTDA,27
07/04/2018,CDL CENTRO DE DISTRIBUICAO E LOGISTICA LTDA,"90,93"
07/04/2018,SUPERMERCADOS DB LTDA,"441,23"
07/04/2018,ATACADAO S.A.,"357,93"
11/04/2018,CARREFOUR COMERCIO E INDUSTRIA LTDA,"190,62"
20/04/2018,SUPERMERCADOS DB LTDA,"16,85"
21/04/2018,C & A MODAS S.A.,"129,98"
30/04/2018,BEMOL S/A,149
05/05/2018,SUPERMERCADOS DB LTDA,"76,94"
09/05/2018,MERCANTIL NOVA ERA LTDA,"40,94"
19/05/2018,C & A MODAS S.A.,"139,98"
29/05/2018,TOP INTERNACIONAL LTDA,239
29/05/2018,BEMOL S/A,39
02/06/2018,C & A MODAS S.A.,"75,98"
03/06/2018,SUPERMERCADOS DB LTDA,"256,5"
06/06/2018,SUPERMERCADOS DB LTDA,"17,26"
06/06/2018,E VALES OLIVEIRA EPP,55
09/06/2018,BEMOL S/A,586
11/06/2018,MERCANTIL NOVA ERA LTDA,"29,65"
12/06/2018,SUPERMERCADOS DB LTDA,"160,3"
22/06/2018,SUPERMERCADOS DB LTDA,"34,06"
24/07/2018,SUPERMERCADOS DB LTDA,"42,95"
26/07/2018,BEMOL S/A,"2.005,90"
15/08/2018,SUPERMERCADOS DB LTDA,"61,91"
05/09/2018,SUPERMERCADOS DB LTDA,"49,09"
08/09/2018,PMZ DISTRIBUIDORA S.A,"33,8"
13/09/2018,SB COMERCIO LTDA,"30,27"
21/09/2018,SUPERMERCADOS DB LTDA,"85,83"
04/10/2018,BEMOL S/A,"541,71"
12/10/2018,SARAIVA E SICILIANO S/A,62
12/10/2018,LOJAS RENNER SOCIEDADE ANONIMA,"42,12"
12/10/2018,GERBERA COSMETICOS LTDA,"103,9"
14/10/2018,SUPERMERCADOS DB LTDA,"69,8"
31/10/2018,SB COMERCIO LTDA,"75,56"
01/11/2018,TOKIO COMPONENTES ELETRONICOS LTDA,65
03/11/2018,CARREFOUR COMERCIO E INDUSTRIA LTDA,"49,57"
15/11/2018,CARREFOUR COMERCIO E INDUSTRIA LTDA,"10,99"
17/11/2018,PMZ DISTRIBUIDORA S.A,90
18/11/2018,CARREFOUR COMERCIO E INDUSTRIA LTDA,"3,99"
18/11/2018,SUPERMERCADOS DB LTDA,"90,14"
09/12/2018,SUPERMERCADOS DB LTDA,"87,86"
18/12/2018,C C GUEDES - ME,100
27/12/2018,BEMOL S/A,29
08/01/2019,CARREFOUR COMERCIO E INDUSTRIA LTDA,"79,19"
30/01/2019,LOJAS RENNER S.A.,"784,7"
01/02/2019,FISIA COMERCIO DE PRODUTOS ESPORTIVOS LTDA,"429,8"
01/02/2019,SGHMAN COMERCIO DE OCULOS LTDA,470
01/02/2019,SARAIVA E SICILIANO S/A,"102,2"
01/02/2019,ROSENY LIMA DA SILVA - EPP,470
05/02/2019,CASA DO ELETRICISTA LTDA,18
26/02/2019,SUPERMERCADOS DB LTDA,"72,91"
27/03/2019,SUPERMERCADOS DB LTDA,"459,98"
30/03/2019,SUPERMERCADOS DB LTDA,"12,37"
28/04/2019,SUPERMERCADOS DB LTDA,"41,54"
28/04/2019,MEDEIROS COMERCIO DE ALIMENTOS LTDA - ME,"29,99"
29/04/2019,J B N MARQUES,"59,99"
30/04/2019,SUPERMERCADOS DB LTDA,"108,21"
27/06/2019,BEMOL S/A,48
04/08/2019,LOJAS RIACHUELO SA,"159,9"
04/08/2019,SUPERMERCADOS DB LTDA,"36,65"
11/08/2019,SUPERMERCADOS DB LTDA,"63,78"
11/08/2019,TAPAJOS COMERCIO DE MEDICAMENTOS LTDA,"10,41"
05/09/2019,SUPERMERCADOS DB LTDA,"64,76"
21/09/2019,SUPERMERCADOS DB LTDA,"25,67"
27/09/2019,DROGARIAS FARMABEM LTDA,"9,99"
08/10/2019,SUPERMERCADOS DB LTDA,"84,34"
10/10/2019,BEMOL S/A,36
11/10/2019,BEMOL S/A,32
16/10/2019,BEMOL S/A,56
27/10/2019,SUPERMERCADOS DB LTDA,"40,85"
29/10/2019,POSTO FUTURO COMERCIO DE COMBUSTIVEIS LTDA,11
30/10/2019,MERCANTIL NOVA ERA LTDA,"44,82"
04/11/2019,HILEIA COMERCIO DE COSMETICOS LTDA - EPP,"206,9"
08/11/2019,SUPERMERCADOS DB LTDA,"30,73"
09/11/2019,MERCANTIL NOVA ERA LTDA,"371,58"
09/11/2019,RUFINO COMERCIO E INDUSTRIA DE ALIMENTOS LTDA,"335,55"
09/11/2019,SUPERMERCADOS DB LTDA,"141,11"
09/11/2019,ATACADAO S.A.,"149,67"
09/11/2019,NATUREZA COMERCIO DE DESCARTAVEIS LTDA,"98,94"
15/11/2019,MERCANTIL NOVA ERA LTDA,"391,9"
15/11/2019,SUPERMERCADOS DB LTDA,"452,05"
15/11/2019,ATACADAO S.A.,"204,53"
19/11/2019,CARREFOUR COMERCIO E INDUSTRIA LTDA,"61,98"
20/11/2019,DROGARIAS FARMABEM LTDA,"56,58"
23/11/2019,MERCANTIL NOVA ERA LTDA,"394,02"
23/11/2019,RUFINO COMERCIO E INDUSTRIA DE ALIMENTOS LTDA,"298,58"
23/11/2019,CDL CENTRO DE DISTRIBUICAO E LOGISTICA LTDA,"64,33"
23/11/2019,SUPERMERCADOS DB LTDA,"499,12"
23/11/2019,ATACADAO S.A.,"199,15"
25/11/2019,NATUREZA COMERCIO DE DESCARTAVEIS LTDA,"106,4"
26/11/2019,SUPERMERCADOS DB LTDA,"92,9"
27/11/2019,PLANCA LOJAS DE CONVENIENCIA LTDA,"7,5"
28/11/2019,SUPERMERCADOS DB LTDA,"75,08"
29/11/2019,RONDOBRAS DO AMAZONAS DISTRIBUIDORA DE AUTO PECAS LTDA,74
30/11/2019,MERCANTIL NOVA ERA LTDA,"532,45"
30/11/2019,RUFINO COMERCIO E INDUSTRIA DE ALIMENTOS LTDA,"331,67"
30/11/2019,SUPERMERCADOS DB LTDA,"635,8"
30/11/2019,ATACADAO S.A.,"425,02"
01/12/2019,Q1 COMERCIAL DE ROUPAS S.A.,"199,98"
01/12/2019,K HIGASHI,"366,3"
01/12/2019,K HIGASHI,"269,9"
02/12/2019,MERCANTIL NOVA ERA LTDA,"93,22"
02/12/2019,MEDEIROS COMERCIO DE ALIMENTOS LTDA - ME,"72,71"
03/12/2019,G M COMERCIO DE ARTIGO DO VESTUARIO E ACESSORIO LTDA,305
03/12/2019,DAMYLLER COMERCIO DE CONFECCOES LTDA,531
06/12/2019,SUPERMERCADOS DB LTDA,"358,3"
06/12/2019,MERCANTIL NOVA ERA LTDA,"231,3"
07/12/2019,MERCANTIL NOVA ERA LTDA,"350,22"
07/12/2019,RUFINO COMERCIO E INDUSTRIA DE ALIMENTOS LTDA,"315,16"
07/12/2019,SUPERMERCADOS DB LTDA,"245,24"
07/12/2019,ATACADAO S.A.,"181,74"
08/12/2019,SUPERMERCADOS DB LTDA,"281,1"
09/12/2019,IRMAOS BRITO DISTRIBUIDORA COMERCIO DE MATERIAL DE CONSTRUCAO E SERVICOS LTDA EP,50
09/12/2019,SUPERMERCADO DB LTDA,"28,76"
09/12/2019,CELIO F. ALVES,127
10/12/2019,MERCANTIL NOVA ERA LTDA,"131,58"
10/12/2019,BONNA VITTA INDUSTRIA E COMERCIO LTDA,"101,32"
11/12/2019,BONNA VITTA INDUSTRIA E COMERCIO LTDA,78
11/12/2019,SUPERMERCADOS DB LTDA,"132,45"
11/12/2019,IBBY COMERCIO DE PRODUTOS ALIMENTICIOS LTDA,"74,56"
13/12/2019,NATUREZA COMERCIO DE DESCARTAVEIS LTDA,"16,49"
13/12/2019,SUPERMERCADOS DB LTDA,"23,83"
13/12/2019,AMAZON COMBUSTIVEIS PARA VEICULOS E CONSTRUCOES LTDA,15
13/12/2019,SUPERMERCADOS DB LTDA,"463,69"
14/12/2019,SUPERMERCADOS DB LTDA,"199,54"
14/12/2019,IBBY COMERCIO DE PRODUTOS ALIMENTICIOS LTDA,"146,59"
14/12/2019,RUFINO COMERCIO E INDUSTRIA DE ALIMENTOS LTDA,"202,18"
14/12/2019,SUPERMERCADOS DB LTDA,"610,09"
14/12/2019,ATACADAO S.A.,"476,42"
14/12/2019,NATUREZA COMERCIO DE DESCARTAVEIS LTDA,"164,9"
16/12/2019,RUFINO COMERCIO E INDUSTRIA DE ALIMENTOS LTDA,"53,82"
16/12/2019,IRMAOS BRITO DISTRIBUIDORA COMERCIO DE MATERIAL DE CONSTRUCAO E SERVICOS LTDA EP,14
17/12/2019,MERCANTIL NOVA ERA LTDA,"101,87"
17/12/2019,SUPERMERCADOS DB LTDA,"68,33"
18/12/2019,AUTO POSTO TURISMO COMERCIO DE DERIVADOS DE PETROLEO LTDA,50
18/12/2019,AUTO POSTO GASPETRO COMERCIO DE DERIVADOS DE PETROLEO LTDA,30
18/12/2019,RUFINO COMERCIO E INDUSTRIA DE ALIMENTOS LTDA,"43,44"
18/12/2019,BONNA VITTA INDUSTRIA E COMERCIO LTDA,"61,3"
19/12/2019,BEMOL S/A,77
19/12/2019,RUFINO COMERCIO E INDUSTRIA DE ALIMENTOS LTDA,"306,72"
19/12/2019,ATACADAO S.A.,"87,72"
19/12/2019,NATUREZA COMERCIO DE DESCARTAVEIS LTDA,"50,84"
19/12/2019,AUTO POSTO TURISMO COMERCIO DE DERIVADOS DE PETROLEO LTDA,50
19/12/2019,BEMOL S/A,222
20/12/2019,PORTELA AUTO POSTO LTDA,20
20/12/2019,RUFINO COMERCIO E INDUSTRIA DE ALIMENTOS LTDA,"975,56"
21/12/2019,IBBY COMERCIO DE PRODUTOS ALIMENTICIOS LTDA,"221,5"
21/12/2019,SUPERMERCADOS DB LTDA,"217,34"
21/12/2019,MERCANTIL NOVA ERA LTDA,"178,07"
21/12/2019,SUPERMERCADOS DB LTDA,"84,29"
21/12/2019,ATACADAO S.A.,"365,88"
23/12/2019,AUTO POSTO TURISMO COMERCIO DE DERIVADOS DE PETROLEO LTDA,20
23/12/2019,ATACADAO S.A.,"102,92"
26/12/2019,RUFINO COMERCIO E INDUSTRIA DE ALIMENTOS LTDA,"267,08"
27/12/2019,AUTO POSTO TURISMO COMERCIO DE DERIVADOS DE PETROLEO LTDA,20
27/12/2019,SUPERMERCADOS DB LTDA,"445,11"
27/12/2019,IBBY COMERCIO DE PRODUTOS ALIMENTICIOS LTDA,"117,16"
28/12/2019,SUPERMERCADOS DB LTDA,"305,01"
28/12/2019,AUTO POSTO GASPETRO COMERCIO DE DERIVADOS DE PETROLEO LTDA,50
28/12/2019,MERCANTIL NOVA ERA LTDA,"142,02"
28/12/2019,RUFINO COMERCIO E INDUSTRIA DE ALIMENTOS LTDA,"387,98"
28/12/2019,BONNA VITTA INDUSTRIA E COMERCIO LTDA,"138,71"
28/12/2019,SUPERMERCADOS DB LTDA,"113,69"
28/12/2019,ATACADAO S.A.,"221,33"
28/12/2019,KEULY SILVEIRA DA SILVA,"111,5"
29/12/2019,SUPERMERCADOS DB LTDA,"9,69"
31/12/2019,SUPERMERCADOS DB LTDA,"27,7"
02/01/2020,MERCANTIL NOVA ERA LTDA,"19,03"
02/01/2020,RUFINO COMERCIO E INDUSTRIA DE ALIMENTOS LTDA,"272,74"
03/01/2020,L J GUERRA & CIA LTDA,"591,1"
03/01/2020,L J GUERRA & CIA LTDA,"932,44"
03/01/2020,SUPERMERCADOS DB LTDA,"532,63"
04/01/2020,CARREFOUR COMERCIO E INDUSTRIA LTDA,"43,98"
04/01/2020,MERCANTIL NOVA ERA LTDA,"140,13"
04/01/2020,RUFINO COMERCIO E INDUSTRIA DE ALIMENTOS LTDA,"149,8"
04/01/2020,SUPERMERCADOS DB LTDA,"151,24"
04/01/2020,SUPERMERCADOS DB LTDA,"497,75"
04/01/2020,ATACADAO S.A.,"261,08"
06/01/2020,BONNA VITTA INDUSTRIA E COMERCIO LTDA,"17,44"
06/01/2020,ARAUJO'S DISTRIBUIDORA DE MEDICAMENTOS LTDA,"50,46"
07/01/2020,MEDEIROS COMERCIO DE ALIMENTOS LTDA - ME,"22,4"
07/01/2020,BONNA VITTA INDUSTRIA E COMERCIO LTDA,75
08/01/2020,MERCANTIL NOVA ERA LTDA,"139,8"
08/01/2020,NATUREZA COMERCIO DE DESCARTAVEIS LTDA,"65,96"
09/01/2020,MERCANTIL NOVA ERA LTDA,"102,46"
09/01/2020,RUFINO COMERCIO E INDUSTRIA DE ALIMENTOS LTDA,"26,85"
11/01/2020,MERCANTIL NOVA ERA LTDA,"200,65"
11/01/2020,BONNA VITTA INDUSTRIA E COMERCIO LTDA,179
11/01/2020,RUFINO COMERCIO E INDUSTRIA DE ALIMENTOS LTDA,"275,41"
11/01/2020,SUPERMERCADOS DB LTDA,"569,32"
11/01/2020,ATACADAO S.A.,"220,97"
11/01/2020,NATUREZA COMERCIO DE DESCARTAVEIS LTDA,"131,92"
12/01/2020,SUPERMERCADOS DB LTDA,"60,01"
13/01/2020,BEMOL S/A,334
13/01/2020,MERCANTIL NOVA ERA LTDA,"78,99"
15/01/2020,3A MANGUEIRAS E FIXADORES DA AMAZONIA LTDA,36
15/01/2020,DROGARIAS FARMABEM LTDA,4
15/01/2020,CARREFOUR COMERCIO E INDUSTRIA LTDA,"54,96"
15/01/2020,MEDEIROS COMERCIO DE ALIMENTOS LTDA - ME,"227,16"
16/01/2020,MERCANTIL NOVA ERA LTDA,"96,79"
18/01/2020,SUPERMERCADOS DB LTDA,"749,47"
18/01/2020,SUPERMERCADOS DB LTDA,"371,24"
18/01/2020,MERCANTIL NOVA ERA LTDA,"68,14"
18/01/2020,RUFINO COMERCIO E INDUSTRIA DE ALIMENTOS LTDA,177
18/01/2020,ATACADAO S.A.,"187,82"
19/01/2020,MERCANTIL NOVA ERA LTDA,"71,53"
20/01/2020,NATUREZA COMERCIO DE DESCARTAVEIS LTDA,"98,94"
22/01/2020,SUPERMERCADOS DB LTDA,"27,27"
22/01/2020,MERCANTIL NOVA ERA LTDA,"70,16"
22/01/2020,RUFINO COMERCIO E INDUSTRIA DE ALIMENTOS LTDA,"146,95"
24/01/2020,MERCANTIL NOVA ERA LTDA,"116,91"
24/01/2020,BONNA VITTA INDUSTRIA E COMERCIO LTDA,"190,08"
24/01/2020,RUFINO COMERCIO E INDUSTRIA DE ALIMENTOS LTDA,"202,22"
24/01/2020,SUPERMERCADOS DB LTDA,"110,24"
25/01/2020,SUPERMERCADOS DB LTDA,"358,45"
25/01/2020,MERCANTIL NOVA ERA LTDA,"232,15"
25/01/2020,RUFINO COMERCIO E INDUSTRIA DE ALIMENTOS LTDA,"118,56"
25/01/2020,ATACADAO S.A.,151
25/01/2020,RL COMERCIO DE PRODUTOS ALIMENTICIOS LTDA,"135,2"
26/01/2020,CARREFOUR COMERCIO E INDUSTRIA LTDA,"11,94"
28/01/2020,MEDEIROS COMERCIO DE ALIMENTOS LTDA - ME,"178,12"
28/01/2020,RUFINO COMERCIO E INDUSTRIA DE ALIMENTOS LTDA,"33,51"
29/01/2020,SUPERMERCADOS DB LTDA,"179,27"
30/01/2020,SUPERMERCADOS DB LTDA,"18,99"
30/01/2020,MERCANTIL NOVA ERA LTDA,"15,88"
30/01/2020,RUFINO COMERCIO E INDUSTRIA DE ALIMENTOS LTDA,"227,51"
31/01/2020,SUPERMERCADOS DB LTDA,"633,82"
01/02/2020,MERCANTIL NOVA ERA LTDA,"250,53"
01/02/2020,BONNA VITTA INDUSTRIA E COMERCIO LTDA,"164,5"
01/02/2020,RUFINO COMERCIO E INDUSTRIA DE ALIMENTOS LTDA,"304,43"
01/02/2020,ATACADAO S.A.,"335,17"
01/02/2020,NATUREZA COMERCIO DE DESCARTAVEIS LTDA,"164,9"
02/02/2020,SUPERMERCADOS DB LTDA,"38,52"
03/02/2020,REAL COMERCIO DE ARTIGOS DE ARMARINHO LTDA,"17,98"
03/02/2020,DROGARIAS FARMABEM LTDA,"15,2"
05/02/2020,SUPERMERCADOS DB LTDA,"172,68"
05/02/2020,BEMOL S/A,39
06/02/2020,MERCANTIL NOVA ERA LTDA,"57,29"
06/02/2020,RUFINO COMERCIO E INDUSTRIA DE ALIMENTOS LTDA,"199,53"
07/02/2020,RUFINO COMERCIO E INDUSTRIA DE ALIMENTOS LTDA,"53,53"
07/02/2020,SUPERMERCADOS DB LTDA,"468,67"
07/02/2020,IBBY COMERCIO DE PRODUTOS ALIMENTICIOS LTDA,"124,78"
08/02/2020,MERCANTIL NOVA ERA LTDA,"180,47"
08/02/2020,MEDEIROS COMERCIO DE ALIMENTOS LTDA - ME,"22,62"
08/02/2020,BONNA VITTA INDUSTRIA E COMERCIO LTDA,"162,6"
08/02/2020,RUFINO COMERCIO E INDUSTRIA DE ALIMENTOS LTDA,"288,36"
08/02/2020,SUPERMERCADOS DB LTDA,"215,43"
08/02/2020,ATACADAO S.A.,"231,99"
08/02/2020,RL COMERCIO DE PRODUTOS ALIMENTICIOS LTDA,"135,2"
10/02/2020,PMZ DISTRIBUIDORA S.A,70
10/02/2020,SUPERMERCADOS DB LTDA,"49,68"
10/02/2020,RUFINO COMERCIO E INDUSTRIA DE ALIMENTOS LTDA,"17,98"
13/02/2020,RUFINO COMERCIO E INDUSTRIA DE ALIMENTOS LTDA,"189,59"
14/02/2020,SUPERMERCADOS DB LTDA,"772,26"
14/02/2020,IBBY COMERCIO DE PRODUTOS ALIMENTICIOS LTDA,"50,16"
15/02/2020,MERCANTIL NOVA ERA LTDA,"275,46"
15/02/2020,RUFINO COMERCIO E INDUSTRIA DE ALIMENTOS LTDA,"377,69"
15/02/2020,ATACADAO S.A.,"237,8"
15/02/2020,RL COMERCIO DE PRODUTOS ALIMENTICIOS LTDA,"170,38"
16/02/2020,MERCANTIL NOVA ERA LTDA,"31,9"
17/02/2020,ATACADAO S.A.,"90,02"
19/02/2020,COMERCIAL ALEXS COMERCIO DE PRODUTOS ALIMENTICIOS LTDA,"59,88"
20/02/2020,RUFINO COMERCIO E INDUSTRIA DE ALIMENTOS LTDA,"168,99"
22/02/2020,MERCANTIL NOVA ERA LTDA,"228,91"
22/02/2020,BONNA VITTA INDUSTRIA E COMERCIO LTDA,"14,5"
22/02/2020,RUFINO COMERCIO E INDUSTRIA DE ALIMENTOS LTDA,"268,4"
22/02/2020,SUPERMERCADOS DB LTDA,"427,25"
22/02/2020,ATACADAO S.A.,"288,48"
22/02/2020,RL COMERCIO DE PRODUTOS ALIMENTICIOS LTDA,111
26/02/2020,SUPERMERCADOS DB LTDA,"12,43"
27/02/2020,RUFINO COMERCIO E INDUSTRIA DE ALIMENTOS LTDA,"188,01"
28/02/2020,SUPERMERCADOS DB LTDA,"137,92"
28/02/2020,IBBY COMERCIO DE PRODUTOS ALIMENTICIOS LTDA,"67,14"
29/02/2020,MERCANTIL NOVA ERA LTDA,"286,62"
29/02/2020,RUFINO COMERCIO E INDUSTRIA DE ALIMENTOS LTDA,"195,04"
29/02/2020,SUPERMERCADOS DB LTDA,"234,38"
29/02/2020,ATACADAO S.A.,"192,1"
02/03/2020,SUPERMERCADOS DB LTDA,"81,06"
03/03/2020,SUPERMERCADOS DB LTDA,"132,7"
03/03/2020,IBBY COMERCIO DE PRODUTOS ALIMENTICIOS LTDA,"7,55"
04/03/2020,M F AMAZONIA LTDA,207
04/03/2020,CASA DE CARNE OTAVIO LTDA,"27,45"
04/03/2020,MEDEIROS COMERCIO DE ALIMENTOS LTDA - ME,"255,95"
04/03/2020,RUFINO COMERCIO E INDUSTRIA DE ALIMENTOS LTDA,"71,95"
05/03/2020,RUFINO COMERCIO E INDUSTRIA DE ALIMENTOS LTDA,"111,24"
05/03/2020,MERCANTIL NOVA ERA LTDA,"38,07"
05/03/2020,RUFINO COMERCIO E INDUSTRIA DE ALIMENTOS LTDA,"255,97"
06/03/2020,SUPERMERCADOS DB LTDA,"239,07"
06/03/2020,IBBY COMERCIO DE PRODUTOS ALIMENTICIOS LTDA,"58,52"
07/03/2020,MERCANTIL NOVA ERA LTDA,"554,03"
07/03/2020,BONNA VITTA INDUSTRIA E COMERCIO LTDA,16
07/03/2020,RUFINO COMERCIO E INDUSTRIA DE ALIMENTOS LTDA,"251,94"
07/03/2020,CDL CENTRO DE DISTRIBUICAO E LOGISTICA LTDA,"54,95"
07/03/2020,ATACADAO S.A.,"240,77"
08/03/2020,BEMOL S/A,102
10/03/2020,SUPERMERCADOS DB LTDA,"130,88"
11/03/2020,L B BARROS COMERCIO DE ELETROELETRONICOS LTDA,"813,02"
12/03/2020,SUPERMERCADOS DB LTDA,"220,76"
13/03/2020,SUPERMERCADOS DB LTDA,"148,26"
13/03/2020,IBBY COMERCIO DE PRODUTOS ALIMENTICIOS LTDA,"54,41"
14/03/2020,MERCANTIL NOVA ERA LTDA,"309,27"
14/03/2020,BONNA VITTA INDUSTRIA E COMERCIO LTDA,16
14/03/2020,RUFINO COMERCIO E INDUSTRIA DE ALIMENTOS LTDA,"70,88"
14/03/2020,SUPERMERCADOS DB LTDA,"630,6"
14/03/2020,ATACADAO S.A.,"227,42"
16/03/2020,L J GUERRA & CIA LTDA,91
16/03/2020,DROGARIAS FARMABEM LTDA,"78,2"
16/03/2020,DROGARIAS FARMABEM LTDA,"78,2"
17/03/2020,J B N MARQUES,24
18/03/2020,BEMOL S/A,28
18/03/2020,SUPERMERCADOS DB LTDA,"9,02"
19/03/2020,MERCANTIL NOVA ERA LTDA,"10,36"
19/03/2020,RUFINO COMERCIO E INDUSTRIA DE ALIMENTOS LTDA,"259,57"
20/03/2020,SUPERMERCADOS DB LTDA,"167,19"
20/03/2020,IBBY COMERCIO DE PRODUTOS ALIMENTICIOS LTDA,"78,87"
21/03/2020,MERCANTIL NOVA ERA LTDA,"66,63"
21/03/2020,RUFINO COMERCIO E INDUSTRIA DE ALIMENTOS LTDA,"402,04"
21/03/2020,CDL CENTRO DE DISTRIBUICAO E LOGISTICA LTDA,"24,75"
21/03/2020,SUPERMERCADOS DB LTDA,"240,19"
21/03/2020,ATACADAO S.A.,"357,39"
21/03/2020,ATACADAO S.A.,"94,6"
24/03/2020,SUPERMERCADOS DB LTDA,"203,51"
24/03/2020,ATACADAO S.A.,"44,86"
26/03/2020,RUFINO COMERCIO E INDUSTRIA DE ALIMENTOS LTDA,"253,45"
28/03/2020,MERCANTIL NOVA ERA LTDA,"49,16"
28/03/2020,RUFINO COMERCIO E INDUSTRIA DE ALIMENTOS LTDA,"300,7"
28/03/2020,ATACADAO S.A.,"235,45"
30/03/2020,MERCANTIL NOVA ERA LTDA,"42,39"
30/03/2020,BONNA VITTA INDUSTRIA E COMERCIO LTDA,21
31/03/2020,MERCANTIL NOVA ERA LTDA,"43,3"
31/03/2020,RUFINO COMERCIO E INDUSTRIA DE ALIMENTOS LTDA,"76,31"
31/03/2020,SUPERMERCADOS DB LTDA,"460,2"
31/03/2020,ATACADAO S.A.,"58,96"
01/04/2020,MERCANTIL NOVA ERA LTDA,"82,68"
01/04/2020,IBBY COMERCIO DE PRODUTOS ALIMENTICIOS LTDA,"57,85"
02/04/2020,MERCANTIL NOVA ERA LTDA,"34,86"
02/04/2020,RUFINO COMERCIO E INDUSTRIA DE ALIMENTOS LTDA,"241,73"
02/04/2020,SUPERMERCADOS DB LTDA,"47,18"
02/04/2020,ATACADAO S.A.,"95,29"
04/04/2020,MERCANTIL NOVA ERA LTDA,"259,27"
04/04/2020,RUFINO COMERCIO E INDUSTRIA DE ALIMENTOS LTDA,"416,45"
04/04/2020,SUPERMERCADOS DB LTDA,"219,09"
04/04/2020,ATACADAO S.A.,"447,09"
04/04/2020,CDL CENTRO DE DISTRIBUICAO E LOGISTICA LTDA,"101,83"
06/04/2020,SUPERMERCADOS DB LTDA,"283,18"
07/04/2020,ATACADAO S.A.,"141,86"
07/04/2020,DROGARIAS FARMABEM LTDA,"10,53"
08/04/2020,ATACADAO S.A.,"92,86"
08/04/2020,SUPERMERCADO DB LTDA,"145,82"
09/04/2020,MERCANTIL NOVA ERA LTDA,"129,99"
09/04/2020,RUFINO COMERCIO E INDUSTRIA DE ALIMENTOS LTDA,"568,98"
09/04/2020,CDL CENTRO DE DISTRIBUICAO E LOGISTICA LTDA,"203,51"
11/04/2020,IBBY COMERCIO DE PRODUTOS ALIMENTICIOS LTDA,"75,77"
11/04/2020,CDL CENTRO DE DISTRIBUICAO E LOGISTICA LTDA,"75,78"
11/04/2020,ATACADAO S.A.,"305,64"
18/04/2020,MERCANTIL NOVA ERA LTDA,"194,41"
18/04/2020,RUFINO COMERCIO E INDUSTRIA DE ALIMENTOS LTDA,"205,51"
18/04/2020,ATACADAO S.A.,"196,96"
18/04/2020,SUPERMERCADOS DB LTDA,"57,16"
20/04/2020,MEDEIROS COMERCIO DE ALIMENTOS LTDA - ME,"2,73"
20/04/2020,MERCANTIL NOVA ERA LTDA,"70,44"
20/04/2020,RUFINO COMERCIO E INDUSTRIA DE ALIMENTOS LTDA,"331,25"
21/04/2020,ATACADAO S.A.,"50,52"
22/04/2020,RUFINO COMERCIO E INDUSTRIA DE ALIMENTOS LTDA,"190,51"
22/04/2020,ATACADAO S.A.,"55,43"
22/04/2020,ATACADAO S.A.,"93,34"
23/04/2020,RUFINO COMERCIO E INDUSTRIA DE ALIMENTOS LTDA,"184,98"
23/04/2020,ATACADAO S.A.,"31,45"
24/04/2020,MERCANTIL NOVA ERA LTDA,"286,28"
24/04/2020,CARREFOUR COMERCIO E INDUSTRIA LTDA,"89,7"
24/04/2020,MEDEIROS COMERCIO DE ALIMENTOS LTDA - ME,"42,1"
24/04/2020,RUFINO COMERCIO E INDUSTRIA DE ALIMENTOS LTDA,"339,95"
25/04/2020,NATUREZA COMERCIO DE DESCARTAVEIS LTDA,"84,95"
26/04/2020,RUFINO COMERCIO E INDUSTRIA DE ALIMENTOS LTDA,"252,48"
26/04/2020,ATACADAO S.A.,"155,45"
27/04/2020,A. L. GOMES LTDA,"1.004,05"
27/04/2020,DROGARIAS FARMABEM LTDA,"18,99"
27/04/2020,MERCANTIL NOVA ERA LTDA,"34,27"
28/04/2020,SUPERMERCADOS DB LTDA,"134,76"
28/04/2020,ATACADAO S.A.,"40,75"
29/04/2020,RUFINO COMERCIO E INDUSTRIA DE ALIMENTOS LTDA,"240,55"
29/04/2020,ATACADAO S.A.,"67,86"
30/04/2020,MERCANTIL NOVA ERA LTDA,"88,35"
30/04/2020,DROGARIAS FARMABEM LTDA,"12,36"
30/04/2020,RUFINO COMERCIO E INDUSTRIA DE ALIMENTOS LTDA,"548,21"
01/05/2020,CARREFOUR COMERCIO E INDUSTRIA LTDA,"57,34"
02/05/2020,ATACADAO S.A.,"160,13"
02/05/2020,CDL CENTRO DE DISTRIBUICAO E LOGISTICA LTDA,"330,1"
02/05/2020,MEDEIROS COMERCIO DE ALIMENTOS LTDA - ME,"175,22"
02/05/2020,CARREFOUR COMERCIO E INDUSTRIA LTDA,"11,99"
04/05/2020,RONDOBRAS DO AMAZONAS DISTRIBUIDORA DE AUTO PECAS LTDA,115
04/05/2020,SUPERMERCADOS DB LTDA,"343,12"
04/05/2020,ATACADAO S.A.,"39,9"
05/05/2020,SUPERMERCADOS DB LTDA,"24,46"
06/05/2020,RUFINO COMERCIO E INDUSTRIA DE ALIMENTOS LTDA,"235,36"
07/05/2020,RUFINO COMERCIO E INDUSTRIA DE ALIMENTOS LTDA,"84,8"
07/05/2020,CDL CENTRO DE DISTRIBUICAO E LOGISTICA LTDA,"157,85"
07/05/2020,MERCANTIL NOVA ERA LTDA,"223,45"
08/05/2020,MEDEIROS COMERCIO DE ALIMENTOS LTDA - ME,"125,15"
08/05/2020,RUFINO COMERCIO E INDUSTRIA DE ALIMENTOS LTDA,"116,53"
09/05/2020,CARREFOUR COMERCIO E INDUSTRIA LTDA,"94,79"
09/05/2020,CARREFOUR COMERCIO E INDUSTRIA LTDA,"257,71"
09/05/2020,RUFINO COMERCIO E INDUSTRIA DE ALIMENTOS LTDA,"541,36"
09/05/2020,CDL CENTRO DE DISTRIBUICAO E LOGISTICA LTDA,"121,07"
09/05/2020,CARREFOUR COMERCIO E INDUSTRIA LTDA,"97,86"
11/05/2020,MEDEIROS COMERCIO DE ALIMENTOS LTDA - ME,"132,56"
11/05/2020,RUFINO COMERCIO E INDUSTRIA DE ALIMENTOS LTDA,"56,49"
14/05/2020,RUFINO COMERCIO E INDUSTRIA DE ALIMENTOS LTDA,"383,63"
14/05/2020,SUPERMERCADOS DB LTDA,"88,38"
14/05/2020,CARREFOUR COMERCIO E INDUSTRIA LTDA,"24,97"
15/05/2020,CARREFOUR COMERCIO E INDUSTRIA LTDA,"248,49"
15/05/2020,RUFINO COMERCIO E INDUSTRIA DE ALIMENTOS LTDA,"150,04"
16/05/2020,RUFINO COMERCIO E INDUSTRIA DE ALIMENTOS LTDA,"578,73"
16/05/2020,ATACADAO S.A.,"214,35"
17/05/2020,SUPERMERCADOS DB LTDA,"221,23"
18/05/2020,SOLINOX LTDA,100
18/05/2020,L J GUERRA & CIA LTDA,59
19/05/2020,RUFINO COMERCIO E INDUSTRIA DE ALIMENTOS LTDA,"78,64"
19/05/2020,ATACADAO S.A.,"27,28"
20/05/2020,CARREFOUR COMERCIO E INDUSTRIA LTDA,"28,58"
21/05/2020,RUFINO COMERCIO E INDUSTRIA DE ALIMENTOS LTDA,"276,17"
22/05/2020,M F AMAZONIA LTDA,"1.496,00"
22/05/2020,CARREFOUR COMERCIO E INDUSTRIA LTDA,"282,96"
22/05/2020,RUFINO COMERCIO E INDUSTRIA DE ALIMENTOS LTDA,"85,31"
23/05/2020,RUFINO COMERCIO E INDUSTRIA DE ALIMENTOS LTDA,"788,82"
23/05/2020,MERCANTIL NOVA ERA LTDA,"86,13"
23/05/2020,SUPERMERCADOS DB LTDA,"263,79"
23/05/2020,ATACADAO S.A.,"104,43"
23/05/2020,SUPERMERCADOS DB LTDA,"34,64"
25/05/2020,MEDEIROS COMERCIO DE ALIMENTOS LTDA - ME,"183,89"
26/05/2020,CARREFOUR COMERCIO E INDUSTRIA LTDA,"17,07"
28/05/2020,RUFINO COMERCIO E INDUSTRIA DE ALIMENTOS LTDA,"342,33"
29/05/2020,CARREFOUR COMERCIO E INDUSTRIA LTDA,"223,92"
29/05/2020,RUFINO COMERCIO E INDUSTRIA DE ALIMENTOS LTDA,"197,41"
29/05/2020,CDL CENTRO DE DISTRIBUICAO E LOGISTICA LTDA,"196,88"
29/05/2020,ATACADAO S.A.,"257,68"
30/05/2020,MERCANTIL NOVA ERA LTDA,"346,4"
30/05/2020,RUFINO COMERCIO E INDUSTRIA DE ALIMENTOS LTDA,"89,26"
01/06/2020,3A MANGUEIRAS E FIXADORES DA AMAZONIA LTDA,"266,25"
01/06/2020,DROGARIAS FARMABEM LTDA,"24,98"
02/06/2020,PMZ DISTRIBUIDORA S.A,200
02/06/2020,MEDEIROS COMERCIO DE ALIMENTOS LTDA - ME,"304,91"
02/06/2020,RUFINO COMERCIO E INDUSTRIA DE ALIMENTOS LTDA,"271,97"
03/06/2020,AUTO PECAS MANOA LTDA,40
03/06/2020,AUTO PECAS MANOA LTDA,80
03/06/2020,BEMOL S/A,119
03/06/2020,ATACADAO S.A.,"59,47"
04/06/2020,PMZ DISTRIBUIDORA S/A,50
04/06/2020,MERCANTIL NOVA ERA LTDA,"256,05"
06/06/2020,CARREFOUR COMERCIO E INDUSTRIA LTDA,"224,83"
06/06/2020,RUFINO COMERCIO E INDUSTRIA DE ALIMENTOS LTDA,"483,45"
06/06/2020,SUPERMERCADOS DB LTDA,"359,84"
08/06/2020,SUPERMERCADOS DB LTDA,"129,09"
08/06/2020,ATACADAO S.A.,"59,8"
11/06/2020,RUFINO COMERCIO E INDUSTRIA DE ALIMENTOS LTDA,"306,02"
13/06/2020,TAPAJOS COMERCIO DE MEDICAMENTOS LTDA,"20,07"
14/06/2020,RUFINO COMERCIO E INDUSTRIA DE ALIMENTOS LTDA,"452,2"
14/06/2020,SUPERMERCADOS DB LTDA,"228,87"
14/06/2020,ATACADAO S.A.,"94,28"
19/06/2020,MERCANTIL NOVA ERA LTDA,"306,25"
19/06/2020,RUFINO COMERCIO E INDUSTRIA DE ALIMENTOS LTDA,"57,45"
19/06/2020,ATACADAO S.A.,"135,01"
20/06/2020,SUPERMERCADOS DB LTDA,"86,29"
22/06/2020,MEDEIROS COMERCIO DE ALIMENTOS LTDA - ME,"247,69"
24/06/2020,RUFINO COMERCIO E INDUSTRIA DE ALIMENTOS LTDA,"343,12"
25/06/2020,RUFINO COMERCIO E INDUSTRIA DE ALIMENTOS LTDA,"354,33"
25/06/2020,L J GUERRA & CIA LTDA,"265,25"
25/06/2020,T3 COMERCIO E SERVICOS AUTO PECAS LTDA,15
26/06/2020,L. B. BARROS - ME,"20,67"
26/06/2020,L B BARROS COMERCIO DE ELETROELETRONICOS LTDA,"20,26"
26/06/2020,SUPERMERCADOS DB LTDA,"50,2"
26/06/2020,MERCANTIL NOVA ERA LTDA,"238,98"
26/06/2020,RUFINO COMERCIO E INDUSTRIA DE ALIMENTOS LTDA,"67,58"
26/06/2020,CDL CENTRO DE DISTRIBUICAO E LOGISTICA LTDA,"88,32"
26/06/2020,ATACADAO S.A.,"402,59"
27/06/2020,RUFINO COMERCIO E INDUSTRIA DE ALIMENTOS LTDA,"411,64"
27/06/2020,MEDEIROS COMERCIO DE ALIMENTOS LTDA - ME,"393,73"
29/06/2020,SUPERMERCADOS DB LTDA,"36,36"
01/07/2020,SUPERMERCADOS DB LTDA,"389,9"
01/07/2020,MERCANTIL NOVA ERA LTDA,"329,88"
01/07/2020,MEDEIROS COMERCIO DE ALIMENTOS LTDA - ME,"286,57"
01/07/2020,RUFINO COMERCIO E INDUSTRIA DE ALIMENTOS LTDA,"45,86"
02/07/2020,RUFINO COMERCIO E INDUSTRIA DE ALIMENTOS LTDA,"137,43"
03/07/2020,INFINITY MANAUS CAPAS E ACESSORIOS PARA CELULAR LTDA,30
03/07/2020,MERCANTIL NOVA ERA LTDA,"226,9"
03/07/2020,CARREFOUR COMERCIO E INDUSTRIA LTDA,"101,7"
03/07/2020,CARREFOUR COMERCIO E INDUSTRIA LTDA,"146,7"
03/07/2020,MEDEIROS COMERCIO DE ALIMENTOS LTDA - ME,"71,39"
03/07/2020,RUFINO COMERCIO E INDUSTRIA DE ALIMENTOS LTDA,"37,63"
04/07/2020,RUFINO COMERCIO E INDUSTRIA DE ALIMENTOS LTDA,"454,89"
04/07/2020,SUPERMERCADOS DB LTDA,"499,31"
04/07/2020,CDL CENTRO DE DISTRIBUICAO E LOGISTICA LTDA,"76,26"
04/07/2020,ATACADAO S.A.,"321,91"
09/07/2020,BEMOL S/A,"10,9"
30/07/2020,SUPER EXPRESSO TARUMA COMERCIO DE PROD ALIMENTICIOS LTDA ME,"19,99"
31/07/2020,SUPERMERCADOS DB LTDA,"9,95"
10/08/2020,BEMOL S/A,"4.641,90"
14/08/2020,AUTO PECAS MANOA LTDA,500
21/08/2020,PMZ DISTRIBUIDORA S.A,"1.255,00"
22/08/2020,SUPERMERCADOS DB LTDA,"477,11"
26/08/2020,PMZ DISTRIBUIDORA S.A,"147,62"
27/08/2020,PMZ DISTRIBUIDORA S.A,"147,62"
03/09/2020,BRAGA MOTOS LTDA,"30.463,50"
28/09/2020,DROGARIAS FARMABEM LTDA,"8,05"
30/09/2020,BRAGA MOTOS LTDA,59
13/10/2020,BRAGA MOTOS LTDA,162
28/10/2020,SUPERMERCADOS DB LTDA,"413,48"
02/11/2020,DROGARIAS FARMABEM LTDA,"89,81"
05/11/2020,BEMOL S/A,69
05/11/2020,SUPERMERCADOS DB LTDA,"51,32"
08/11/2020,SUPERMERCADOS DB LTDA,"448,05"
10/11/2020,LOJAS RIACHUELO S/A,"239,6"
04/12/2020,DROGARIAS FARMABEM LTDA,"14,99"
07/12/2020,SBF COMERCIO DE PRODUTOS ESPORTIVOS S.A,"799,99"
12/12/2020,DROGARIAS FARMABEM LTDA,"48,74"
19/12/2020,MERCANTIL NOVA ERA LTDA,"210,44"
19/12/2020,RUFINO COMERCIO E INDUSTRIA DE ALIMENTOS LTDA,"596,84"
19/12/2020,SUPERMERCADOS DB LTDA,"235,18"
19/12/2020,ATACADAO S.A.,"449,54"
04/01/2021,BRAGA MOTOS LTDA,87
09/01/2021,DROGARIAS FARMABEM LTDA,"47,83"
12/02/2021,T3 COMERCIO E SERVICOS AUTO PECAS LTDA,8
13/02/2021,T3 COMERCIO E SERVICOS AUTO PECAS LTDA,7
16/02/2021,PMZ DISTRIBUIDORA S.A,"1.424,09"
16/02/2021,PMZ DISTRIBUIDORA S.A,23
21/02/2021,TAPAJOS COMERCIO DE MEDICAMENTOS LTDA,"35,71"
25/02/2021,AUTO POSTO TURISMO COMERCIO DE DERIVADOS DE PETROLEO LTDA,20
11/03/2021,PMZ DISTRIBUIDORA S.A,22
01/04/2021,BRAGA MOTOS LTDA,382
10/04/2021,L. B. BARROS - ME,50
11/04/2021,CARREFOUR COMERCIO E INDUSTRIA LTDA,"7,49"
19/04/2021,MERCANTIL NOVA ERA LTDA,"16,05"
22/04/2021,J M PORTELA LTDA,"9,99"
30/04/2021,CARREFOUR COMERCIO E INDUSTRIA LTDA,"72,97"
07/05/2021,MG COMERCIO DE CONFECCOES LTDA EPP,429
07/05/2021,NELCHAEL COMERCIO DE COSMETICOS LTDA,"131,6"
07/05/2021,M I HIGASHI ME,155
10/05/2021,HILEIA COMERCIO DE COSMETICOS LTDA - EPP,"41,9"
13/05/2021,PMZ DISTRIBUIDORA S.A,38
14/05/2021,MG COMERCIO DE CONFECCOES LTDA EPP,326
14/05/2021,KTK HIGASHI LTDA,"124,8"
17/05/2021,T3 COMERCIO E SERVICOS AUTO PECAS LTDA,141
19/05/2021,SARAIVA E SICILIANO S/A,78
21/05/2021,SUPERMERCADOS DB LTDA,"410,39"
27/05/2021,DROGARIAS FARMABEM LTDA,"36,17"
31/05/2021,L. BRAGA DA S. FARIA LTDA,28
31/05/2021,L. BRAGA DA S. FARIA LTDA,44
02/06/2021,TAPAJOS COMERCIO DE MEDICAMENTOS LTDA,"31,29"
09/06/2021,L J GUERRA & CIA LTDA,"44,56"
22/06/2021,MERCANTIL NOVA ERA LTDA,"21,3"
22/06/2021,MERCANTIL NOVA ERA LTDA,"4,99"
25/06/2021,MERCANTIL NOVA ERA LTDA,"8,3"
26/06/2021,RUFINO COMERCIO E INDUSTRIA DE ALIMENTOS LTDA,"379,95"
26/06/2021,MERCANTIL NOVA ERA LTDA,"196,4"
26/06/2021,CDL CENTRO DE DISTRIBUICAO E LOGISTICA LTDA,"114,62"
26/06/2021,ATACADAO S.A.,"266,92"
01/07/2021,MERCANTIL NOVA ERA LTDA,"14,07"
03/07/2021,SUPERMERCADOS DB LTDA,"136,9"
09/07/2021,TAPAJOS COMERCIO DE MEDICAMENTOS LTDA,"15,93"
23/07/2021,IBBY COMERCIO DE PRODUTOS ALIMENTICIOS LTDA,"286,92"
29/07/2021,MEDEIROS COMERCIO DE ALIMENTOS LTDA - ME,"32,22"
01/08/2021,BEMOL S/A,109
01/08/2021,CARREFOUR COMERCIO E INDUSTRIA LTDA,"214,8"
02/08/2021,CASA DO ELETRICISTA LTDA,20
08/08/2021,TAPAJOS COMERCIO DE MEDICAMENTOS LTDA,"53,43"
10/08/2021,L J GUERRA & CIA LTDA,"21,95"
22/08/2021,BEMOL S/A,152
22/08/2021,SUPERMERCADOS DB LTDA,"8,15"
25/09/2021,MEDEIROS COMERCIO DE ALIMENTOS LTDA - ME,"557,43"
25/09/2021,RUFINO COMERCIO E INDUSTRIA DE ALIMENTOS LTDA,"416,58"
25/09/2021,ATACADAO S.A.,"318,15"
25/09/2021,ATACADAO S.A.,"318,15"
27/09/2021,MERCANTIL NOVA ERA LTDA,"124,59"
29/09/2021,MEDEIROS COMERCIO DE ALIMENTOS LTDA - ME,"545,24"
29/09/2021,ATACADAO S.A.,"178,41"
01/10/2021,IBBY COMERCIO DE PRODUTOS ALIMENTICIOS LTDA,"309,18"
02/10/2021,MERCANTIL NOVA ERA LTDA,"74,95"
02/10/2021,MEDEIROS COMERCIO DE ALIMENTOS LTDA - ME,"590,76"
02/10/2021,RUFINO COMERCIO E INDUSTRIA DE ALIMENTOS LTDA,"706,08"
02/10/2021,SUPERMERCADOS DB LTDA,"108,01"
02/10/2021,ATACADAO S.A.,"326,04"
05/10/2021,SUPERMERCADOS DB LTDA,"196,19"
07/10/2021,RUFINO COMERCIO E INDUSTRIA DE ALIMENTOS LTDA,"230,61"
09/10/2021,MEDEIROS COMERCIO DE ALIMENTOS LTDA - ME,"645,77"
09/10/2021,RUFINO COMERCIO E INDUSTRIA DE ALIMENTOS LTDA,"510,42"
09/10/2021,ATACADAO S.A.,"245,45"
09/10/2021,ATACADAO S.A.,"245,45"
15/10/2021,IBBY COMERCIO DE PRODUTOS ALIMENTICIOS LTDA,"330,03"
15/10/2021,COEMA COMERCIO DE PRODUTOS ALIMENTICIOS LTDA,"18,91"
16/10/2021,RUFINO COMERCIO E INDUSTRIA DE ALIMENTOS LTDA,"1.057,46"
16/10/2021,SUPERMERCADOS DB LTDA,"228,04"
16/10/2021,ATACADAO S.A.,"262,39"
18/10/2021,MEDEIROS COMERCIO DE ALIMENTOS LTDA - ME,"289,58"
20/10/2021,MEDEIROS COMERCIO DE ALIMENTOS LTDA - ME,"316,12"
20/10/2021,RUFINO COMERCIO E INDUSTRIA DE ALIMENTOS LTDA,"129,35"
21/10/2021,MEDEIROS COMERCIO DE ALIMENTOS LTDA - ME,"689,13"
21/10/2021,RUFINO COMERCIO E INDUSTRIA DE ALIMENTOS LTDA,"815,82"
22/10/2021,MERCANTIL NOVA ERA LTDA,"185,9"
22/10/2021,SUPERMERCADOS DB LTDA,"210,91"
22/10/2021,ATACADAO S.A.,"312,29"
23/10/2021,IBBY COMERCIO DE PRODUTOS ALIMENTICIOS LTDA,"240,68"
23/10/2021,COEMA COMERCIO DE PRODUTOS ALIMENTICIOS LTDA,"94,66"
24/10/2021,SUPERMERCADOS DB LTDA,"29,95"
27/10/2021,RUFINO COMERCIO E INDUSTRIA DE ALIMENTOS LTDA,"74,76"
27/10/2021,DROGARIAS FARMABEM LTDA,"75,31"
30/10/2021,MEDEIROS COMERCIO DE ALIMENTOS LTDA - ME,"82,68"
30/10/2021,MEDEIROS COMERCIO DE ALIMENTOS LTDA - ME,"626,12"
30/10/2021,MEDEIROS COMERCIO DE ALIMENTOS LTDA - ME,"41,9"
30/10/2021,RUFINO COMERCIO E INDUSTRIA DE ALIMENTOS LTDA,"216,36"
31/10/2021,SUPERMERCADOS DB LTDA,"133,36"
31/10/2021,SUPERMERCADOS VIDAL LTDA,"238,63"
31/10/2021,ATACADAO S.A.,"344,11"
02/11/2021,CARREFOUR COMERCIO E INDUSTRIA LTDA,"110,57"
02/11/2021,SUPERMERCADOS DB LTDA,"140,23"
03/11/2021,WDL INSTALACAO E MANUTENCAO DE PECAS AUTOMOTIVA LTDA,"2.000,00"
03/11/2021,MEDEIROS COMERCIO DE ALIMENTOS LTDA - ME,"274,49"
03/11/2021,RUFINO COMERCIO E INDUSTRIA DE ALIMENTOS LTDA,"149,91"
04/11/2021,MERCANTIL NOVA ERA LTDA,"203,58"
05/11/2021,TIM S A,"280,02"
05/11/2021,ATACADAO S.A.,"137,97"
16/11/2021,MEDEIROS COMERCIO DE ALIMENTOS LTDA - ME,"43,25"
18/11/2021,ATACADAO S.A.,"112,77"
26/11/2021,LEDA COMERCIO DE COSMETICOS LTDA,"259,9"
26/11/2021,BEMOL S/A,692
28/11/2021,T MARTINE BRAZ ME,"56,3"
17/12/2021,S M P DAS CHAGAS E COMPANHIA LTDA EPP,"44,99"
17/12/2021,SUPERMERCADOS DB LTDA,"129,76"
18/12/2021,ATACADAO S.A.,"130,83"
18/12/2021,ATACADAO S.A.,"130,83"
22/12/2021,TIM S A,"357,15"
13/02/2022,TAPAJOS COMERCIO DE MEDICAMENTOS LTDA,"29,6"
14/02/2022,TAPAJOS COMERCIO DE MEDICAMENTOS LTDA,"26,1"
08/03/2022,MEDEIROS COMERCIO DE ALIMENTOS LTDA - ME,"66,68"
17/03/2022,G VIANA SILVA,"219,99"
17/03/2022,SUPERMERCADOS DB LTDA,"85,43"
19/03/2022,MEDEIROS COMERCIO DE ALIMENTOS LTDA - ME,"73,55"
30/03/2022,BEMOL S/A,"346,5"
30/03/2022,SUPERMERCADOS DB LTDA,"284,79"
30/03/2022,CECIL CONCORDE COM IND IMP E EXPORTACAO LTDA,62
04/04/2022,RUFINO COMERCIO E INDUSTRIA DE ALIMENTOS LTDA,"8,02"
02/05/2022,TAPAJOS COMERCIO DE MEDICAMENTOS LTDA,"34,61"
03/05/2022,BEMOL S/A,620
07/05/2022,CARREFOUR COMERCIO E INDUSTRIA LTDA,"49,18"
08/05/2022,SUPERMERCADOS DB LTDA,"158,39"
09/05/2022,BEMOL S/A,512
09/05/2022,HILEIA COMERCIO DE COSMETICOS LTDA - EPP,"48,9"
09/05/2022,SUPERMERCADOS DB LTDA,"34,99"
15/05/2022,TAPAJOS COMERCIO DE MEDICAMENTOS LTDA,"47,53"
04/06/2022,BEMOL S/A,"3.938,00"
16/06/2022,ATACADAO S.A.,"182,07"
25/06/2022,PMZ DISTRIBUIDORA S/A,41
01/07/2022,HILEIA COMERCIO DE COSMETICOS LTDA - EPP,"223,04"
03/07/2022,TAPAJOS COMERCIO DE MEDICAMENTOS LTDA,"190,06"
18/07/2022,BEMOL S/A,142
28/07/2022,CARREFOUR COMERCIO E INDUSTRIA LTDA,"27,99"
05/08/2022,BRAGA MOTOS LTDA,118
09/08/2022,L. B. BARROS - ME,"770,24"
26/08/2022,BRAGA MOTOS LTDA,"58.500,00"
05/09/2022,DIAS COMERCIO DE MATERIAIS DE CONSTRUCAO LTDA,60
23/10/2022,CARREFOUR COMERCIO E INDUSTRIA LTDA,"12,99"
25/10/2022,CECIL CONCORDE COM IND IMP E EXPORTACAO LTDA,"38,3"
02/11/2022,CARREFOUR COMERCIO E INDUSTRIA LTDA,"41,17"
04/11/2022,BRAGA MOTOS LTDA,159
10/11/2022,HILEIA COMERCIO DE COSMETICOS LTDA - EPP,"199,8"
19/11/2022,SUPERMERCADOS DB LTDA,"37,05"
01/12/2022,CARREFOUR COMERCIO E INDUSTRIA LTDA,"46,17"
01/12/2022,BEMOL S/A,22
12/12/2022,SUPERMERCADOS DB LTDA,"210,76"
17/12/2022,BEMOL S/A,149
23/12/2022,TAPAJOS COMERCIO DE MEDICAMENTOS LTDA,"78,88"
24/12/2022,BEMOL S/A,78
24/12/2022,SUPERMERCADOS DB LTDA,"43,4"
26/12/2022,ANTONIO RODRIGUES & CIA LTDA,"79,9"
27/12/2022,ANTONIO RODRIGUES & CIA LTDA,"79,9"
27/12/2022,CARREFOUR COMERCIO E INDUSTRIA LTDA,"23,18"
31/12/2022,PRISCILLA CRISTINA DE MORAIS,690
08/01/2023,CARREFOUR COMERCIO E INDUSTRIA LTDA,"47,17"
10/01/2023,LOJAS RIACHUELO S/A,"599,9"
12/01/2023,TAPAJOS COMERCIO DE MEDICAMENTOS LTDA,"135,42"
15/01/2023,TAPAJOS COMERCIO DE MEDICAMENTOS LTDA,"28,2"
